categories,a353-genes
Noise genes,4471
Signal-bearing genes,4527
Noise genes,4691
Signal-bearing genes,4724
Noise genes,4744
Signal-bearing genes,4796
Signal-bearing genes,4802
Signal-bearing genes,4806
Signal-bearing genes,4848
Noise genes,4890
Signal-bearing genes,4893
Signal-bearing genes,4932
Signal-bearing genes,4942
Signal-bearing genes,4951
Signal-bearing genes,4954
Signal-bearing genes,4989
Signal-bearing genes,4992
Signal-bearing genes,5018
Signal-bearing genes,5032
Signal-bearing genes,5034
Signal-bearing genes,5038
Noise genes,5064
Signal-bearing genes,5090
Signal-bearing genes,5116
Signal-bearing genes,5123
Signal-bearing genes,5131
Noise genes,5138
Signal-bearing genes,5162
Signal-bearing genes,5163
Signal-bearing genes,5168
Signal-bearing genes,5177
Signal-bearing genes,5188
Signal-bearing genes,5200
Signal-bearing genes,5206
Signal-bearing genes,5220
Signal-bearing genes,5257
Signal-bearing genes,5264
Signal-bearing genes,5271
Signal-bearing genes,5273
Signal-bearing genes,5280
Noise genes,5299
Noise genes,5304
Signal-bearing genes,5328
Signal-bearing genes,5333
Noise genes,5335
Signal-bearing genes,5339
Signal-bearing genes,5343
Noise genes,5347
Signal-bearing genes,5348
Noise genes,5354
Noise genes,5355
Noise genes,5357
Signal-bearing genes,5366
Signal-bearing genes,5398
Signal-bearing genes,5404
Signal-bearing genes,5406
Signal-bearing genes,5421
Signal-bearing genes,5422
Signal-bearing genes,5426
Signal-bearing genes,5428
Noise genes,5430
Signal-bearing genes,5434
Signal-bearing genes,5449
Signal-bearing genes,5454
Noise genes,5460
Signal-bearing genes,5477
Noise genes,5489
Signal-bearing genes,5502
Noise genes,5513
Signal-bearing genes,5528
Noise genes,5531
Noise genes,5536
Noise genes,5551
Signal-bearing genes,5554
Noise genes,5562
Noise genes,5578
Signal-bearing genes,5594
Noise genes,5596
Signal-bearing genes,5599
Signal-bearing genes,5614
Signal-bearing genes,5634
Signal-bearing genes,5639
Noise genes,5642
Signal-bearing genes,5644
Noise genes,5656
Signal-bearing genes,5660
Signal-bearing genes,5664
Signal-bearing genes,5670
Signal-bearing genes,5699
Signal-bearing genes,5702
Noise genes,5703
Signal-bearing genes,5716
Signal-bearing genes,5721
Noise genes,5733
Noise genes,5744
Signal-bearing genes,5770
Signal-bearing genes,5772
Noise genes,5791
Noise genes,5802
Noise genes,5815
Signal-bearing genes,5816
Signal-bearing genes,5821
Signal-bearing genes,5822
Signal-bearing genes,5840
Signal-bearing genes,5842
Signal-bearing genes,5843
Noise genes,5849
Signal-bearing genes,5853
Signal-bearing genes,5857
Noise genes,5858
Signal-bearing genes,5859
Signal-bearing genes,5865
Noise genes,5866
Signal-bearing genes,5899
Signal-bearing genes,5910
Signal-bearing genes,5913
Noise genes,5918
Signal-bearing genes,5919
Signal-bearing genes,5921
Signal-bearing genes,5922
Signal-bearing genes,5926
Signal-bearing genes,5933
Noise genes,5936
Signal-bearing genes,5940
Signal-bearing genes,5941
Signal-bearing genes,5942
Signal-bearing genes,5943
Signal-bearing genes,5944
Noise genes,5945
Signal-bearing genes,5949
Signal-bearing genes,5950
Signal-bearing genes,5958
Signal-bearing genes,5960
Noise genes,5968
Signal-bearing genes,5974
Signal-bearing genes,5977
Signal-bearing genes,5980
Signal-bearing genes,5981
Noise genes,5990
Noise genes,6000
Noise genes,6003
Signal-bearing genes,6004
Signal-bearing genes,6016
Signal-bearing genes,6026
Signal-bearing genes,6029
Noise genes,6034
Signal-bearing genes,6036
Signal-bearing genes,6038
Signal-bearing genes,6041
Noise genes,6048
Signal-bearing genes,6050
Signal-bearing genes,6051
Signal-bearing genes,6056
Signal-bearing genes,6064
Noise genes,6068
Noise genes,6072
Signal-bearing genes,6098
Signal-bearing genes,6110
Noise genes,6114
Signal-bearing genes,6119
Signal-bearing genes,6128
Noise genes,6130
Signal-bearing genes,6139
Signal-bearing genes,6148
Noise genes,6150
Signal-bearing genes,6164
Signal-bearing genes,6175
Signal-bearing genes,6176
Noise genes,6198
Noise genes,6216
Signal-bearing genes,6221
Signal-bearing genes,6226
Noise genes,6227
Signal-bearing genes,6238
Signal-bearing genes,6258
Noise genes,6265
Signal-bearing genes,6274
Signal-bearing genes,6282
Signal-bearing genes,6284
Signal-bearing genes,6295
Signal-bearing genes,6298
Noise genes,6299
Signal-bearing genes,6318
Signal-bearing genes,6320
Signal-bearing genes,6363
Noise genes,6366
Signal-bearing genes,6373
Noise genes,6376
Noise genes,6378
Signal-bearing genes,6379
Signal-bearing genes,6383
Signal-bearing genes,6384
Signal-bearing genes,6387
Noise genes,6398
Signal-bearing genes,6401
Noise genes,6404
Signal-bearing genes,6405
Signal-bearing genes,6406
Noise genes,6407
Signal-bearing genes,6412
Signal-bearing genes,6420
Signal-bearing genes,6439
Signal-bearing genes,6447
Noise genes,6448
Noise genes,6449
Signal-bearing genes,6450
Signal-bearing genes,6454
Signal-bearing genes,6457
Signal-bearing genes,6458
Signal-bearing genes,6459
Signal-bearing genes,6460
Signal-bearing genes,6462
Noise genes,6483
Signal-bearing genes,6487
Noise genes,6488
Signal-bearing genes,6492
Signal-bearing genes,6494
Noise genes,6496
Noise genes,6498
Signal-bearing genes,6500
Signal-bearing genes,6506
Noise genes,6507
Noise genes,6526
Signal-bearing genes,6527
Signal-bearing genes,6528
Noise genes,6531
Noise genes,6532
Signal-bearing genes,6533
Signal-bearing genes,6538
Signal-bearing genes,6544
Noise genes,6550
Noise genes,6552
Noise genes,6557
Signal-bearing genes,6563
Noise genes,6565
Signal-bearing genes,6570
Signal-bearing genes,6572
Noise genes,6601
Signal-bearing genes,6620
Noise genes,6631
Signal-bearing genes,6636
Signal-bearing genes,6639
Signal-bearing genes,6641
Noise genes,6649
Signal-bearing genes,6652
Signal-bearing genes,6660
Signal-bearing genes,6667
Signal-bearing genes,6679
Noise genes,6685
Signal-bearing genes,6689
Signal-bearing genes,6705
Noise genes,6713
Signal-bearing genes,6717
Noise genes,6732
Signal-bearing genes,6733
Noise genes,6738
Noise genes,6746
Signal-bearing genes,6779
Noise genes,6782
Noise genes,6785
Noise genes,6791
Signal-bearing genes,6792
Noise genes,6797
Noise genes,6825
Signal-bearing genes,6848
Noise genes,6854
Noise genes,6864
Signal-bearing genes,6865
Signal-bearing genes,6875
Signal-bearing genes,6882
Noise genes,6883
Noise genes,6886
Signal-bearing genes,6893
Signal-bearing genes,6909
Signal-bearing genes,6913
Signal-bearing genes,6914
Signal-bearing genes,6924
Noise genes,6933
Noise genes,6946
Signal-bearing genes,6947
Signal-bearing genes,6954
Noise genes,6955
Noise genes,6958
Signal-bearing genes,6961
Signal-bearing genes,6968
Noise genes,6969
Signal-bearing genes,6977
Signal-bearing genes,6978
Signal-bearing genes,6979
Noise genes,6992
Noise genes,6995
Noise genes,7013
Signal-bearing genes,7021
Noise genes,7024
Signal-bearing genes,7028
Noise genes,7029
Noise genes,7067
Signal-bearing genes,7111
Signal-bearing genes,7128
Noise genes,7135
Noise genes,7136
Signal-bearing genes,7141
Signal-bearing genes,7174
Noise genes,7194
Signal-bearing genes,7241
Noise genes,7273
Signal-bearing genes,7279
Noise genes,7296
Signal-bearing genes,7313
Signal-bearing genes,7324
Signal-bearing genes,7325
Noise genes,7331
Signal-bearing genes,7333
Signal-bearing genes,7336
Signal-bearing genes,7361
Signal-bearing genes,7363
Noise genes,7367
Signal-bearing genes,7572
Noise genes,7577
Signal-bearing genes,7583
Signal-bearing genes,7602
Noise genes,7628
Signal-bearing genes,4757
Signal-bearing genes,4793
Signal-bearing genes,4889
Noise genes,5104
Noise genes,5260
Signal-bearing genes,5296
Noise genes,5318
Signal-bearing genes,5326
Signal-bearing genes,5427
Noise genes,5463
Signal-bearing genes,5469
Signal-bearing genes,5620
Signal-bearing genes,5841
Noise genes,5894
Noise genes,6303
Noise genes,6432
Noise genes,6540
Signal-bearing genes,6859
Noise genes,7371